{
    "loss": 2.58373641967773,
    "accuracy": 0.9179855823516846
}